phone_number,threat_category,severity_score,last_reported_timestamp
+911409001122,TELEMARKETING_SCAM,85,1721200000000
+911409908877,TELEMARKETING_SCAM,80,1721200000000
+919830192831,JAMTARA_KBC_LOTTERY,95,1721200000000
+919711019202,MEWAT_OLX_FRAUD,90,1721200000000
+918005550199,BANK_SPOOFING,100,1721200000000
+917622365664,DIGITAL_ARREST_CBI,99,1721200000000
+918800112233,TRAI_DISCONNECT,95,1721200000000
+917355112233,ELECTRICITY_BILL_DISCONNECT,90,1721200000000
+919988776655,ANYDESK_KYC_FRAUD,100,1721200000000
+911408800999,TELEMARKETING_SPAM,70,1721200000000
+919311223344,FEDEX_PARCEL_SCAM,98,1721200000000
